{"name":"Google Drive","short_name":"Drive","start_url":"/?lfhs\u003d2","display":"minimal-ui","theme_color":"#F1F3F4","icons":[{"src":"//www.gstatic.com/images/branding/product/1x/drive_2020q4_16dp.png","type":"image/png","sizes":"16x16"},{"src":"//www.gstatic.com/images/branding/product/1x/drive_2020q4_96dp.png","type":"image/png","sizes":"96x96"},{"src":"//www.gstatic.com/images/branding/product/2x/drive_2020q4_96dp.png","type":"image/png","sizes":"192x192"}],"gcm_sender_id":"190029121869","gcm_user_visible_only":true}